sku_id,sku_name,date,stock_out_flag
SKU0001,BrandA Soda,2021-01-03,0.0
SKU0001,BrandA Soda,2021-01-10,0.07142857142857142
SKU0001,BrandA Soda,2021-01-17,0.07142857142857142
SKU0001,BrandA Soda,2021-01-24,0.07142857142857142
SKU0001,BrandA Soda,2021-01-31,0.0
SKU0001,BrandA Soda,2021-02-07,0.07142857142857142
SKU0001,BrandA Soda,2021-02-14,0.0
SKU0001,BrandA Soda,2021-02-21,0.0
SKU0001,BrandA Soda,2021-02-28,0.0
SKU0001,BrandA Soda,2021-03-07,0.0
SKU0001,BrandA Soda,2021-03-14,0.0
SKU0001,BrandA Soda,2021-03-21,0.0
SKU0001,BrandA Soda,2021-03-28,0.0
SKU0001,BrandA Soda,2021-04-04,0.0
SKU0001,BrandA Soda,2021-04-11,0.0
SKU0001,BrandA Soda,2021-04-18,0.2857142857142857
SKU0001,BrandA Soda,2021-04-25,0.07142857142857142
SKU0001,BrandA Soda,2021-05-02,0.0
SKU0001,BrandA Soda,2021-05-09,0.07142857142857142
SKU0001,BrandA Soda,2021-05-16,0.0
SKU0001,BrandA Soda,2021-05-23,0.0
SKU0001,BrandA Soda,2021-05-30,0.0
SKU0001,BrandA Soda,2021-06-06,0.07142857142857142
SKU0001,BrandA Soda,2021-06-13,0.0
SKU0001,BrandA Soda,2021-06-20,0.0
SKU0001,BrandA Soda,2021-06-27,0.07142857142857142
SKU0001,BrandA Soda,2021-07-04,0.0
SKU0001,BrandA Soda,2021-07-11,0.0
SKU0001,BrandA Soda,2021-07-18,0.0
SKU0001,BrandA Soda,2021-07-25,0.0
SKU0001,BrandA Soda,2021-08-01,0.0
SKU0001,BrandA Soda,2021-08-08,0.0
SKU0001,BrandA Soda,2021-08-15,0.07142857142857142
SKU0001,BrandA Soda,2021-08-22,0.0
SKU0001,BrandA Soda,2021-08-29,0.07142857142857142
SKU0001,BrandA Soda,2021-09-05,0.07142857142857142
SKU0001,BrandA Soda,2021-09-12,0.07142857142857142
SKU0001,BrandA Soda,2021-09-19,0.0
SKU0001,BrandA Soda,2021-09-26,0.14285714285714285
SKU0001,BrandA Soda,2021-10-03,0.0
SKU0001,BrandA Soda,2021-10-10,0.07142857142857142
SKU0001,BrandA Soda,2021-10-17,0.0
SKU0001,BrandA Soda,2021-10-24,0.0
SKU0001,BrandA Soda,2021-10-31,0.07142857142857142
SKU0001,BrandA Soda,2021-11-07,0.0
SKU0001,BrandA Soda,2021-11-14,0.0
SKU0001,BrandA Soda,2021-11-21,0.0
SKU0001,BrandA Soda,2021-11-28,0.0
SKU0001,BrandA Soda,2021-12-05,0.0
SKU0001,BrandA Soda,2021-12-12,0.21428571428571427
SKU0001,BrandA Soda,2021-12-19,0.07142857142857142
SKU0001,BrandA Soda,2021-12-26,0.0
SKU0001,BrandA Soda,2022-01-02,0.0
SKU0001,BrandA Soda,2022-01-09,0.0
SKU0001,BrandA Soda,2022-01-16,0.0
SKU0001,BrandA Soda,2022-01-23,0.0
SKU0001,BrandA Soda,2022-01-30,0.0
SKU0001,BrandA Soda,2022-02-06,0.0
SKU0001,BrandA Soda,2022-02-13,0.0
SKU0001,BrandA Soda,2022-02-20,0.0
SKU0001,BrandA Soda,2022-02-27,0.07142857142857142
SKU0001,BrandA Soda,2022-03-06,0.0
SKU0001,BrandA Soda,2022-03-13,0.0
SKU0001,BrandA Soda,2022-03-20,0.14285714285714285
SKU0001,BrandA Soda,2022-03-27,0.07142857142857142
SKU0001,BrandA Soda,2022-04-03,0.0
SKU0001,BrandA Soda,2022-04-10,0.0
SKU0001,BrandA Soda,2022-04-17,0.0
SKU0001,BrandA Soda,2022-04-24,0.0
SKU0001,BrandA Soda,2022-05-01,0.0
SKU0001,BrandA Soda,2022-05-08,0.0
SKU0001,BrandA Soda,2022-05-15,0.0
SKU0001,BrandA Soda,2022-05-22,0.07142857142857142
SKU0001,BrandA Soda,2022-05-29,0.0
SKU0001,BrandA Soda,2022-06-05,0.0
SKU0001,BrandA Soda,2022-06-12,0.07142857142857142
SKU0001,BrandA Soda,2022-06-19,0.07142857142857142
SKU0001,BrandA Soda,2022-06-26,0.0
SKU0001,BrandA Soda,2022-07-03,0.07142857142857142
SKU0001,BrandA Soda,2022-07-10,0.0
SKU0001,BrandA Soda,2022-07-17,0.0
SKU0001,BrandA Soda,2022-07-24,0.07142857142857142
SKU0001,BrandA Soda,2022-07-31,0.0
SKU0001,BrandA Soda,2022-08-07,0.0
SKU0001,BrandA Soda,2022-08-14,0.0
SKU0001,BrandA Soda,2022-08-21,0.14285714285714285
SKU0001,BrandA Soda,2022-08-28,0.0
SKU0001,BrandA Soda,2022-09-04,0.14285714285714285
SKU0001,BrandA Soda,2022-09-11,0.0
SKU0001,BrandA Soda,2022-09-18,0.07142857142857142
SKU0001,BrandA Soda,2022-09-25,0.0
SKU0001,BrandA Soda,2022-10-02,0.07142857142857142
SKU0001,BrandA Soda,2022-10-09,0.07142857142857142
SKU0001,BrandA Soda,2022-10-16,0.0
SKU0001,BrandA Soda,2022-10-23,0.0
SKU0001,BrandA Soda,2022-10-30,0.07142857142857142
SKU0001,BrandA Soda,2022-11-06,0.0
SKU0001,BrandA Soda,2022-11-13,0.07142857142857142
SKU0001,BrandA Soda,2022-11-20,0.0
SKU0001,BrandA Soda,2022-11-27,0.07142857142857142
SKU0001,BrandA Soda,2022-12-04,0.0
SKU0001,BrandA Soda,2022-12-11,0.0
SKU0001,BrandA Soda,2022-12-18,0.0
SKU0001,BrandA Soda,2022-12-25,0.0
SKU0001,BrandA Soda,2023-01-01,0.0
SKU0001,BrandA Soda,2023-01-08,0.0
SKU0001,BrandA Soda,2023-01-15,0.07142857142857142
SKU0001,BrandA Soda,2023-01-22,0.07142857142857142
SKU0001,BrandA Soda,2023-01-29,0.07142857142857142
SKU0001,BrandA Soda,2023-02-05,0.07142857142857142
SKU0001,BrandA Soda,2023-02-12,0.0
SKU0001,BrandA Soda,2023-02-19,0.0
SKU0001,BrandA Soda,2023-02-26,0.0
SKU0001,BrandA Soda,2023-03-05,0.0
SKU0001,BrandA Soda,2023-03-12,0.07142857142857142
SKU0001,BrandA Soda,2023-03-19,0.0
SKU0001,BrandA Soda,2023-03-26,0.0
SKU0001,BrandA Soda,2023-04-02,0.0
SKU0001,BrandA Soda,2023-04-09,0.0
SKU0001,BrandA Soda,2023-04-16,0.07142857142857142
SKU0001,BrandA Soda,2023-04-23,0.0
SKU0001,BrandA Soda,2023-04-30,0.0
SKU0001,BrandA Soda,2023-05-07,0.07142857142857142
SKU0001,BrandA Soda,2023-05-14,0.07142857142857142
SKU0001,BrandA Soda,2023-05-21,0.0
SKU0001,BrandA Soda,2023-05-28,0.14285714285714285
SKU0001,BrandA Soda,2023-06-04,0.07142857142857142
SKU0001,BrandA Soda,2023-06-11,0.07142857142857142
SKU0001,BrandA Soda,2023-06-18,0.0
SKU0001,BrandA Soda,2023-06-25,0.07142857142857142
SKU0001,BrandA Soda,2023-07-02,0.0
SKU0001,BrandA Soda,2023-07-09,0.0
SKU0001,BrandA Soda,2023-07-16,0.0
SKU0001,BrandA Soda,2023-07-23,0.07142857142857142
SKU0001,BrandA Soda,2023-07-30,0.07142857142857142
SKU0001,BrandA Soda,2023-08-06,0.0
SKU0001,BrandA Soda,2023-08-13,0.0
SKU0001,BrandA Soda,2023-08-20,0.0
SKU0001,BrandA Soda,2023-08-27,0.0
SKU0001,BrandA Soda,2023-09-03,0.0
SKU0001,BrandA Soda,2023-09-10,0.07142857142857142
SKU0001,BrandA Soda,2023-09-17,0.0
SKU0001,BrandA Soda,2023-09-24,0.0
SKU0001,BrandA Soda,2023-10-01,0.07142857142857142
SKU0001,BrandA Soda,2023-10-08,0.0
SKU0001,BrandA Soda,2023-10-15,0.0
SKU0001,BrandA Soda,2023-10-22,0.0
SKU0001,BrandA Soda,2023-10-29,0.0
SKU0001,BrandA Soda,2023-11-05,0.0
SKU0001,BrandA Soda,2023-11-12,0.0
SKU0001,BrandA Soda,2023-11-19,0.07142857142857142
SKU0001,BrandA Soda,2023-11-26,0.0
SKU0001,BrandA Soda,2023-12-03,0.0
SKU0001,BrandA Soda,2023-12-10,0.0
SKU0001,BrandA Soda,2023-12-17,0.0
SKU0001,BrandA Soda,2023-12-24,0.0
SKU0001,BrandA Soda,2023-12-31,0.07142857142857142
SKU0007,BrandA Juice,2021-01-03,0.16666666666666666
SKU0007,BrandA Juice,2021-01-10,0.0
SKU0007,BrandA Juice,2021-01-17,0.07142857142857142
SKU0007,BrandA Juice,2021-01-24,0.0
SKU0007,BrandA Juice,2021-01-31,0.14285714285714285
SKU0007,BrandA Juice,2021-02-07,0.07142857142857142
SKU0007,BrandA Juice,2021-02-14,0.0
SKU0007,BrandA Juice,2021-02-21,0.0
SKU0007,BrandA Juice,2021-02-28,0.0
SKU0007,BrandA Juice,2021-03-07,0.0
SKU0007,BrandA Juice,2021-03-14,0.07142857142857142
SKU0007,BrandA Juice,2021-03-21,0.0
SKU0007,BrandA Juice,2021-03-28,0.0
SKU0007,BrandA Juice,2021-04-04,0.14285714285714285
SKU0007,BrandA Juice,2021-04-11,0.0
SKU0007,BrandA Juice,2021-04-18,0.07142857142857142
SKU0007,BrandA Juice,2021-04-25,0.0
SKU0007,BrandA Juice,2021-05-02,0.0
SKU0007,BrandA Juice,2021-05-09,0.07142857142857142
SKU0007,BrandA Juice,2021-05-16,0.07142857142857142
SKU0007,BrandA Juice,2021-05-23,0.14285714285714285
SKU0007,BrandA Juice,2021-05-30,0.07142857142857142
SKU0007,BrandA Juice,2021-06-06,0.07142857142857142
SKU0007,BrandA Juice,2021-06-13,0.07142857142857142
SKU0007,BrandA Juice,2021-06-20,0.07142857142857142
SKU0007,BrandA Juice,2021-06-27,0.0
SKU0007,BrandA Juice,2021-07-04,0.0
SKU0007,BrandA Juice,2021-07-11,0.0
SKU0007,BrandA Juice,2021-07-18,0.0
SKU0007,BrandA Juice,2021-07-25,0.07142857142857142
SKU0007,BrandA Juice,2021-08-01,0.07142857142857142
SKU0007,BrandA Juice,2021-08-08,0.07142857142857142
SKU0007,BrandA Juice,2021-08-15,0.0
SKU0007,BrandA Juice,2021-08-22,0.07142857142857142
SKU0007,BrandA Juice,2021-08-29,0.0
SKU0007,BrandA Juice,2021-09-05,0.0
SKU0007,BrandA Juice,2021-09-12,0.07142857142857142
SKU0007,BrandA Juice,2021-09-19,0.0
SKU0007,BrandA Juice,2021-09-26,0.0
SKU0007,BrandA Juice,2021-10-03,0.0
SKU0007,BrandA Juice,2021-10-10,0.0
SKU0007,BrandA Juice,2021-10-17,0.0
SKU0007,BrandA Juice,2021-10-24,0.14285714285714285
SKU0007,BrandA Juice,2021-10-31,0.0
SKU0007,BrandA Juice,2021-11-07,0.0
SKU0007,BrandA Juice,2021-11-14,0.07142857142857142
SKU0007,BrandA Juice,2021-11-21,0.0
SKU0007,BrandA Juice,2021-11-28,0.07142857142857142
SKU0007,BrandA Juice,2021-12-05,0.0
SKU0007,BrandA Juice,2021-12-12,0.07142857142857142
SKU0007,BrandA Juice,2021-12-19,0.0
SKU0007,BrandA Juice,2021-12-26,0.0
SKU0007,BrandA Juice,2022-01-02,0.0
SKU0007,BrandA Juice,2022-01-09,0.07142857142857142
SKU0007,BrandA Juice,2022-01-16,0.0
SKU0007,BrandA Juice,2022-01-23,0.0
SKU0007,BrandA Juice,2022-01-30,0.0
SKU0007,BrandA Juice,2022-02-06,0.14285714285714285
SKU0007,BrandA Juice,2022-02-13,0.07142857142857142
SKU0007,BrandA Juice,2022-02-20,0.0
SKU0007,BrandA Juice,2022-02-27,0.0
SKU0007,BrandA Juice,2022-03-06,0.0
SKU0007,BrandA Juice,2022-03-13,0.0
SKU0007,BrandA Juice,2022-03-20,0.07142857142857142
SKU0007,BrandA Juice,2022-03-27,0.07142857142857142
SKU0007,BrandA Juice,2022-04-03,0.0
SKU0007,BrandA Juice,2022-04-10,0.14285714285714285
SKU0007,BrandA Juice,2022-04-17,0.07142857142857142
SKU0007,BrandA Juice,2022-04-24,0.0
SKU0007,BrandA Juice,2022-05-01,0.07142857142857142
SKU0007,BrandA Juice,2022-05-08,0.07142857142857142
SKU0007,BrandA Juice,2022-05-15,0.0
SKU0007,BrandA Juice,2022-05-22,0.0
SKU0007,BrandA Juice,2022-05-29,0.21428571428571427
SKU0007,BrandA Juice,2022-06-05,0.07142857142857142
SKU0007,BrandA Juice,2022-06-12,0.0
SKU0007,BrandA Juice,2022-06-19,0.14285714285714285
SKU0007,BrandA Juice,2022-06-26,0.0
SKU0007,BrandA Juice,2022-07-03,0.07142857142857142
SKU0007,BrandA Juice,2022-07-10,0.0
SKU0007,BrandA Juice,2022-07-17,0.0
SKU0007,BrandA Juice,2022-07-24,0.14285714285714285
SKU0007,BrandA Juice,2022-07-31,0.14285714285714285
SKU0007,BrandA Juice,2022-08-07,0.0
SKU0007,BrandA Juice,2022-08-14,0.0
SKU0007,BrandA Juice,2022-08-21,0.0
SKU0007,BrandA Juice,2022-08-28,0.0
SKU0007,BrandA Juice,2022-09-04,0.07142857142857142
SKU0007,BrandA Juice,2022-09-11,0.07142857142857142
SKU0007,BrandA Juice,2022-09-18,0.0
SKU0007,BrandA Juice,2022-09-25,0.0
SKU0007,BrandA Juice,2022-10-02,0.0
SKU0007,BrandA Juice,2022-10-09,0.0
SKU0007,BrandA Juice,2022-10-16,0.07142857142857142
SKU0007,BrandA Juice,2022-10-23,0.07142857142857142
SKU0007,BrandA Juice,2022-10-30,0.0
SKU0007,BrandA Juice,2022-11-06,0.0
SKU0007,BrandA Juice,2022-11-13,0.0
SKU0007,BrandA Juice,2022-11-20,0.0
SKU0007,BrandA Juice,2022-11-27,0.0
SKU0007,BrandA Juice,2022-12-04,0.07142857142857142
SKU0007,BrandA Juice,2022-12-11,0.0
SKU0007,BrandA Juice,2022-12-18,0.0
SKU0007,BrandA Juice,2022-12-25,0.0
SKU0007,BrandA Juice,2023-01-01,0.0
SKU0007,BrandA Juice,2023-01-08,0.07142857142857142
SKU0007,BrandA Juice,2023-01-15,0.0
SKU0007,BrandA Juice,2023-01-22,0.0
SKU0007,BrandA Juice,2023-01-29,0.0
SKU0007,BrandA Juice,2023-02-05,0.14285714285714285
SKU0007,BrandA Juice,2023-02-12,0.07142857142857142
SKU0007,BrandA Juice,2023-02-19,0.07142857142857142
SKU0007,BrandA Juice,2023-02-26,0.07142857142857142
SKU0007,BrandA Juice,2023-03-05,0.0
SKU0007,BrandA Juice,2023-03-12,0.07142857142857142
SKU0007,BrandA Juice,2023-03-19,0.0
SKU0007,BrandA Juice,2023-03-26,0.0
SKU0007,BrandA Juice,2023-04-02,0.0
SKU0007,BrandA Juice,2023-04-09,0.0
SKU0007,BrandA Juice,2023-04-16,0.0
SKU0007,BrandA Juice,2023-04-23,0.07142857142857142
SKU0007,BrandA Juice,2023-04-30,0.0
SKU0007,BrandA Juice,2023-05-07,0.07142857142857142
SKU0007,BrandA Juice,2023-05-14,0.07142857142857142
SKU0007,BrandA Juice,2023-05-21,0.0
SKU0007,BrandA Juice,2023-05-28,0.0
SKU0007,BrandA Juice,2023-06-04,0.0
SKU0007,BrandA Juice,2023-06-11,0.0
SKU0007,BrandA Juice,2023-06-18,0.14285714285714285
SKU0007,BrandA Juice,2023-06-25,0.0
SKU0007,BrandA Juice,2023-07-02,0.14285714285714285
SKU0007,BrandA Juice,2023-07-09,0.0
SKU0007,BrandA Juice,2023-07-16,0.0
SKU0007,BrandA Juice,2023-07-23,0.0
SKU0007,BrandA Juice,2023-07-30,0.0
SKU0007,BrandA Juice,2023-08-06,0.0
SKU0007,BrandA Juice,2023-08-13,0.07142857142857142
SKU0007,BrandA Juice,2023-08-20,0.0
SKU0007,BrandA Juice,2023-08-27,0.0
SKU0007,BrandA Juice,2023-09-03,0.0
SKU0007,BrandA Juice,2023-09-10,0.0
SKU0007,BrandA Juice,2023-09-17,0.0
SKU0007,BrandA Juice,2023-09-24,0.07142857142857142
SKU0007,BrandA Juice,2023-10-01,0.0
SKU0007,BrandA Juice,2023-10-08,0.0
SKU0007,BrandA Juice,2023-10-15,0.0
SKU0007,BrandA Juice,2023-10-22,0.07142857142857142
SKU0007,BrandA Juice,2023-10-29,0.0
SKU0007,BrandA Juice,2023-11-05,0.0
SKU0007,BrandA Juice,2023-11-12,0.0
SKU0007,BrandA Juice,2023-11-19,0.0
SKU0007,BrandA Juice,2023-11-26,0.07142857142857142
SKU0007,BrandA Juice,2023-12-03,0.0
SKU0007,BrandA Juice,2023-12-10,0.0
SKU0007,BrandA Juice,2023-12-17,0.0
SKU0007,BrandA Juice,2023-12-24,0.07142857142857142
SKU0007,BrandA Juice,2023-12-31,0.0
SKU0013,BrandA Water,2021-01-03,0.0
SKU0013,BrandA Water,2021-01-10,0.0
SKU0013,BrandA Water,2021-01-17,0.2857142857142857
SKU0013,BrandA Water,2021-01-24,0.0
SKU0013,BrandA Water,2021-01-31,0.0
SKU0013,BrandA Water,2021-02-07,0.14285714285714285
SKU0013,BrandA Water,2021-02-14,0.0
SKU0013,BrandA Water,2021-02-21,0.0
SKU0013,BrandA Water,2021-02-28,0.0
SKU0013,BrandA Water,2021-03-07,0.0
SKU0013,BrandA Water,2021-03-14,0.14285714285714285
SKU0013,BrandA Water,2021-03-21,0.0
SKU0013,BrandA Water,2021-03-28,0.0
SKU0013,BrandA Water,2021-04-04,0.0
SKU0013,BrandA Water,2021-04-11,0.0
SKU0013,BrandA Water,2021-04-18,0.0
SKU0013,BrandA Water,2021-04-25,0.0
SKU0013,BrandA Water,2021-05-02,0.0
SKU0013,BrandA Water,2021-05-09,0.2857142857142857
SKU0013,BrandA Water,2021-05-16,0.0
SKU0013,BrandA Water,2021-05-23,0.0
SKU0013,BrandA Water,2021-05-30,0.0
SKU0013,BrandA Water,2021-06-06,0.0
SKU0013,BrandA Water,2021-06-13,0.14285714285714285
SKU0013,BrandA Water,2021-06-20,0.14285714285714285
SKU0013,BrandA Water,2021-06-27,0.0
SKU0013,BrandA Water,2021-07-04,0.14285714285714285
SKU0013,BrandA Water,2021-07-11,0.0
SKU0013,BrandA Water,2021-07-18,0.0
SKU0013,BrandA Water,2021-07-25,0.0
SKU0013,BrandA Water,2021-08-01,0.0
SKU0013,BrandA Water,2021-08-08,0.0
SKU0013,BrandA Water,2021-08-15,0.0
SKU0013,BrandA Water,2021-08-22,0.0
SKU0013,BrandA Water,2021-08-29,0.2857142857142857
SKU0013,BrandA Water,2021-09-05,0.0
SKU0013,BrandA Water,2021-09-12,0.14285714285714285
SKU0013,BrandA Water,2021-09-19,0.0
SKU0013,BrandA Water,2021-09-26,0.14285714285714285
SKU0013,BrandA Water,2021-10-03,0.14285714285714285
SKU0013,BrandA Water,2021-10-10,0.14285714285714285
SKU0013,BrandA Water,2021-10-17,0.0
SKU0013,BrandA Water,2021-10-24,0.14285714285714285
SKU0013,BrandA Water,2021-10-31,0.2857142857142857
SKU0013,BrandA Water,2021-11-07,0.0
SKU0013,BrandA Water,2021-11-14,0.0
SKU0013,BrandA Water,2021-11-21,0.14285714285714285
SKU0013,BrandA Water,2021-11-28,0.0
SKU0013,BrandA Water,2021-12-05,0.0
SKU0013,BrandA Water,2021-12-12,0.0
SKU0013,BrandA Water,2021-12-19,0.0
SKU0013,BrandA Water,2021-12-26,0.0
SKU0013,BrandA Water,2022-01-02,0.14285714285714285
SKU0013,BrandA Water,2022-01-09,0.0
SKU0013,BrandA Water,2022-01-16,0.14285714285714285
SKU0013,BrandA Water,2022-01-23,0.0
SKU0013,BrandA Water,2022-01-30,0.0
SKU0013,BrandA Water,2022-02-06,0.0
SKU0013,BrandA Water,2022-02-13,0.0
SKU0013,BrandA Water,2022-02-20,0.0
SKU0013,BrandA Water,2022-02-27,0.0
SKU0013,BrandA Water,2022-03-06,0.0
SKU0013,BrandA Water,2022-03-13,0.0
SKU0013,BrandA Water,2022-03-20,0.14285714285714285
SKU0013,BrandA Water,2022-03-27,0.0
SKU0013,BrandA Water,2022-04-03,0.0
SKU0013,BrandA Water,2022-04-10,0.0
SKU0013,BrandA Water,2022-04-17,0.0
SKU0013,BrandA Water,2022-04-24,0.14285714285714285
SKU0013,BrandA Water,2022-05-01,0.14285714285714285
SKU0013,BrandA Water,2022-05-08,0.0
SKU0013,BrandA Water,2022-05-15,0.0
SKU0013,BrandA Water,2022-05-22,0.0
SKU0013,BrandA Water,2022-05-29,0.0
SKU0013,BrandA Water,2022-06-05,0.0
SKU0013,BrandA Water,2022-06-12,0.0
SKU0013,BrandA Water,2022-06-19,0.0
SKU0013,BrandA Water,2022-06-26,0.0
SKU0013,BrandA Water,2022-07-03,0.0
SKU0013,BrandA Water,2022-07-10,0.0
SKU0013,BrandA Water,2022-07-17,0.0
SKU0013,BrandA Water,2022-07-24,0.0
SKU0013,BrandA Water,2022-07-31,0.0
SKU0013,BrandA Water,2022-08-07,0.0
SKU0013,BrandA Water,2022-08-14,0.0
SKU0013,BrandA Water,2022-08-21,0.0
SKU0013,BrandA Water,2022-08-28,0.14285714285714285
SKU0013,BrandA Water,2022-09-04,0.0
SKU0013,BrandA Water,2022-09-11,0.0
SKU0013,BrandA Water,2022-09-18,0.0
SKU0013,BrandA Water,2022-09-25,0.14285714285714285
SKU0013,BrandA Water,2022-10-02,0.14285714285714285
SKU0013,BrandA Water,2022-10-09,0.0
SKU0013,BrandA Water,2022-10-16,0.0
SKU0013,BrandA Water,2022-10-23,0.0
SKU0013,BrandA Water,2022-10-30,0.0
SKU0013,BrandA Water,2022-11-06,0.0
SKU0013,BrandA Water,2022-11-13,0.0
SKU0013,BrandA Water,2022-11-20,0.0
SKU0013,BrandA Water,2022-11-27,0.0
SKU0013,BrandA Water,2022-12-04,0.14285714285714285
SKU0013,BrandA Water,2022-12-11,0.0
SKU0013,BrandA Water,2022-12-18,0.0
SKU0013,BrandA Water,2022-12-25,0.0
SKU0013,BrandA Water,2023-01-01,0.0
SKU0013,BrandA Water,2023-01-08,0.0
SKU0013,BrandA Water,2023-01-15,0.2857142857142857
SKU0013,BrandA Water,2023-01-22,0.0
SKU0013,BrandA Water,2023-01-29,0.0
SKU0013,BrandA Water,2023-02-05,0.0
SKU0013,BrandA Water,2023-02-12,0.0
SKU0013,BrandA Water,2023-02-19,0.0
SKU0013,BrandA Water,2023-02-26,0.14285714285714285
SKU0013,BrandA Water,2023-03-05,0.0
SKU0013,BrandA Water,2023-03-12,0.0
SKU0013,BrandA Water,2023-03-19,0.0
SKU0013,BrandA Water,2023-03-26,0.14285714285714285
SKU0013,BrandA Water,2023-04-02,0.0
SKU0013,BrandA Water,2023-04-09,0.0
SKU0013,BrandA Water,2023-04-16,0.0
SKU0013,BrandA Water,2023-04-23,0.0
SKU0013,BrandA Water,2023-04-30,0.0
SKU0013,BrandA Water,2023-05-07,0.0
SKU0013,BrandA Water,2023-05-14,0.0
SKU0013,BrandA Water,2023-05-21,0.0
SKU0013,BrandA Water,2023-05-28,0.0
SKU0013,BrandA Water,2023-06-04,0.0
SKU0013,BrandA Water,2023-06-11,0.2857142857142857
SKU0013,BrandA Water,2023-06-18,0.0
SKU0013,BrandA Water,2023-06-25,0.0
SKU0013,BrandA Water,2023-07-02,0.0
SKU0013,BrandA Water,2023-07-09,0.0
SKU0013,BrandA Water,2023-07-16,0.0
SKU0013,BrandA Water,2023-07-23,0.0
SKU0013,BrandA Water,2023-07-30,0.0
SKU0013,BrandA Water,2023-08-06,0.0
SKU0013,BrandA Water,2023-08-13,0.0
SKU0013,BrandA Water,2023-08-20,0.0
SKU0013,BrandA Water,2023-08-27,0.14285714285714285
SKU0013,BrandA Water,2023-09-03,0.14285714285714285
SKU0013,BrandA Water,2023-09-10,0.0
SKU0013,BrandA Water,2023-09-17,0.0
SKU0013,BrandA Water,2023-09-24,0.0
SKU0013,BrandA Water,2023-10-01,0.0
SKU0013,BrandA Water,2023-10-08,0.0
SKU0013,BrandA Water,2023-10-15,0.0
SKU0013,BrandA Water,2023-10-22,0.0
SKU0013,BrandA Water,2023-10-29,0.0
SKU0013,BrandA Water,2023-11-05,0.0
SKU0013,BrandA Water,2023-11-12,0.0
SKU0013,BrandA Water,2023-11-19,0.0
SKU0013,BrandA Water,2023-11-26,0.14285714285714285
SKU0013,BrandA Water,2023-12-03,0.14285714285714285
SKU0013,BrandA Water,2023-12-10,0.0
SKU0013,BrandA Water,2023-12-17,0.0
SKU0013,BrandA Water,2023-12-24,0.14285714285714285
SKU0013,BrandA Water,2023-12-31,0.0
